{
    "24": {
        "0": 3.7649949327090897,
        "1": 4.000394992564961,
        "2": 2.9945879088438256,
        "3": 2.213841884339572
    },
    "23": {
        "0": 4.705979134097771,
        "1": 5.172373707550981,
        "2": 4.215592366509621,
        "3": 5.059802968139072
    },
    "22": {
        "0": 2.282445535307159,
        "1": 2.0971460151847094,
        "2": 2.9832854572512355,
        "3": 2.5583641455409154
    },
    "21": {
        "0": 2.403563934084882,
        "1": 2.7268931075826304,
        "2": 2.2068453668095116,
        "3": 2.6451361450648148
    },
    "14": {
        "0": 2.8576585578715896,
        "1": 2.858722369387659,
        "2": 2.8351020534967772,
        "3": 2.8458759880975046
    },
    "13": {
        "0": 0.0,
        "1": 0.0,
        "2": 0.0,
        "3": 0.0
    },
    "12": {
        "0": 0.0,
        "1": 0.0,
        "2": 0.0,
        "3": 0.0
    },
    "11": {
        "0": 0.0,
        "1": 0.0,
        "2": 0.0,
        "3": 0.0
    }
}